<?xml version="1.0" encoding="UTF-8"?>

<mule xmlns:file="http://www.mulesoft.org/schema/mule/file" xmlns:dw="http://www.mulesoft.org/schema/mule/ee/dw" xmlns:metadata="http://www.mulesoft.org/schema/mule/metadata" xmlns:json="http://www.mulesoft.org/schema/mule/json" xmlns:tracking="http://www.mulesoft.org/schema/mule/ee/tracking" xmlns:http="http://www.mulesoft.org/schema/mule/http" xmlns:batch="http://www.mulesoft.org/schema/mule/batch" xmlns="http://www.mulesoft.org/schema/mule/core" xmlns:doc="http://www.mulesoft.org/schema/mule/documentation"
	xmlns:spring="http://www.springframework.org/schema/beans" 
	xmlns:xsi="http://www.w3.org/2001/XMLSchema-instance"
	xsi:schemaLocation="http://www.springframework.org/schema/beans http://www.springframework.org/schema/beans/spring-beans-current.xsd
http://www.mulesoft.org/schema/mule/core http://www.mulesoft.org/schema/mule/core/current/mule.xsd
http://www.mulesoft.org/schema/mule/http http://www.mulesoft.org/schema/mule/http/current/mule-http.xsd
http://www.mulesoft.org/schema/mule/batch http://www.mulesoft.org/schema/mule/batch/current/mule-batch.xsd
http://www.mulesoft.org/schema/mule/json http://www.mulesoft.org/schema/mule/json/current/mule-json.xsd
http://www.mulesoft.org/schema/mule/ee/tracking http://www.mulesoft.org/schema/mule/ee/tracking/current/mule-tracking-ee.xsd
http://www.mulesoft.org/schema/mule/ee/dw http://www.mulesoft.org/schema/mule/ee/dw/current/dw.xsd
http://www.mulesoft.org/schema/mule/file http://www.mulesoft.org/schema/mule/file/current/mule-file.xsd">
    <file:connector name="File" autoDelete="true" streaming="true" validateConnections="true" doc:name="File"/>
    
    <flow name="implementationFlow">
        <http:listener config-ref="API_Listiner" path="/metrics" allowedMethods="GET" doc:name="HTTP"/>
        <flow-ref name="getAccessToken" doc:name="Get Access Token"/>
        <set-variable doc:name="Set Org Id" value="${orgId}" variableName="orgId"/>
        <set-variable variableName="groups" value="#[new java.util.ArrayList()]" doc:name="Set Groups"/>
        <flow-ref name="getHierarchy" doc:name="Get Org Hierarchy"/>
        <foreach collection="#[flowVars.orgIdList]" doc:name="For Each Group" counterVariableName="grpCounter">
            <set-variable variableName="groupId" value="#[flowVars.orgIdList[flowVars.grpCounter-1]]" doc:name="Set Group Id"/>
            <expression-transformer expression="#[flowVars.groups.add(new dv.bp.classes.Group(flowVars.orgIdNameMap[flowVars.groupId]))]" doc:name="Expression"/>
            <set-variable variableName="domains" value="#[new java.util.ArrayList() ]" doc:name="Set Domains"/>
            <http:request config-ref="AnypointMulesoft" path="/accounts/api/organizations/#[flowVars.orgIdList[flowVars.grpCounter-1]]/environments" method="GET" doc:name="HTTP">
                <http:request-builder>
                    <http:header headerName="Authorization" value="Bearer #[flowVars.accessToken]"/>
                </http:request-builder>
            </http:request>
            <json:json-to-object-transformer returnClass="java.util.HashMap" doc:name="JSON to Object" mimeType="application/json"/>
            <flow-ref name="getDomainStatisticPerEnvironment" doc:name="Set Domains"/>
            <expression-transformer expression="#[flowVars.groups[flowVars.grpCounter-1].addDomains(flowVars.domains)]" returnSourceIfNull="true" doc:name="Add Domains"/>
        </foreach>
        <set-payload value="#[flowVars.groups]" doc:name="Set Payload"/>
        <logger level="INFO" doc:name="Logger"/>
        <json:object-to-json-transformer doc:name="Object to JSON" mimeType="application/json"/>
        <dw:transform-message doc:name="Transform Message">
            <dw:set-payload><![CDATA[%dw 1.0
%output application/csv
---
 flatten (payload map ((groups , indexOfPayload01) -> 
  {
  domains:
    (groups.domains map ((domain , indexOfDomain) -> 
{
GroupName: groups.groupName,
DomainName: domain.domainName,
vCoreSize: domain.vCoreSize,
NumberOfWorkers: domain.numberOfWorkers,
AverageMemory: domain.averageMemory,
AverageCPU: domain.averageCPU,
PeakMemory: domain.peakMemory,
PeakCPU: domain.peakCPU,
index: "index" ++ indexOfDomain
} 
))
})).*domains
]]></dw:set-payload>
        </dw:transform-message>
        <file:outbound-endpoint path="C:\Users\Local.Admin\Desktop" outputPattern="output.csv" connector-ref="File" responseTimeout="10000" doc:name="File"/>
    </flow>
    <sub-flow name="getDomainStatisticPerEnvironment">
        <foreach collection="#[payload.data]" doc:name="For Each Environment" counterVariableName="envCounter">
            <set-variable variableName="envId" value="#[payload.id]" doc:name="envId"/>
            <http:request config-ref="AnypointMulesoft" path="/cloudhub/api/v2/applications" method="GET" doc:name="HTTP">
                <http:request-builder>
                    <http:header headerName="Authorization" value="Bearer #[flowVars.accessToken]"/>
                    <http:header headerName="X-ANYPNT-ENV-ID" value="#[flowVars.envId]"/>
                </http:request-builder>
            </http:request>
            <json:json-to-object-transformer returnClass="java.util.ArrayList" doc:name="JSON to Object"/>
            <choice doc:name="Choice">
                <when expression="#[message.payload.size()!='0']">
                    <flow-ref name="getDomainStatistics" doc:name="Get Domain Statistics"/>
                </when>
                <otherwise>
                    <logger level="INFO" doc:name="Logger"/>
                </otherwise>
            </choice>
            <logger level="INFO" doc:name="Logger"/>
        </foreach>
    </sub-flow>
    <sub-flow name="getDomainStatistics">
    	<foreach collection="#[payload]" counterVariableName="dmnCounter" doc:name="For Each Domain">
            <set-variable variableName="domain" value="#[new dv.bp.classes.Domain(payload.workers.amount, payload.workers.type.weight, payload.domain)]" doc:name="New Domain"/>
            <http:request config-ref="AnypointMulesoft" path="/cloudhub/api/v2/applications/#[payload.domain]/dashboardStats" method="GET" doc:name="HTTP">
                <http:request-builder>
                    <http:header headerName="Authorization" value="Bearer #[flowVars.accessToken]"/>
                    <http:header headerName="X-ANYPNT-ENV-ID" value="#[flowVars.envId]"/>
                </http:request-builder>
            </http:request>
            <json:json-to-object-transformer returnClass="java.util.HashMap" doc:name="JSON to Object"/>
            <choice doc:name="Choice">
                <when expression="#[message.payload.workerStatistics.size()!='0']">
                    <set-variable variableName="cpu" value="#[payload.workerStatistics[0].statistics.cpu]" doc:name="CPU"/>
                    <set-variable variableName="memory" value="#[payload.workerStatistics[0].statistics.memoryPercentageUsed]" doc:name="Memory"/>
                    <flow-ref name="calculateDomainAttributes" doc:name="Calculate Domain Attributes"/>
                    <expression-transformer expression="#[flowVars.domains.add(flowVars.domain)]" doc:name="Add Domain"/>
                </when>
                <otherwise>
                    <logger level="INFO" doc:name="Logger"/>
                </otherwise>
            </choice>
            <logger level="INFO" doc:name="Logger"/>
        </foreach>
    </sub-flow>
    <sub-flow name="calculateDomainAttributes">
        <expression-transformer doc:name="calcMaxCPU" expression="#[flowVars.domain.getMax(flowVars.cpu)]"/>
        <set-variable variableName="maxCPU" value="#[payload]" doc:name="MaxCPU"/>
        <expression-transformer doc:name="calMaxMemory" expression="#[flowVars.domain.getMax(flowVars.memory)]"/>
        <set-variable variableName="maxMemory" value="#[payload]" doc:name="Max Memory"/>
        <expression-transformer expression="#[flowVars.domain.getAverage(flowVars.cpu)]" doc:name="calcAvgCPU"/>
        <set-variable variableName="avgCPU" value="#[payload]" doc:name="AverageCPU"/>
        <expression-transformer expression="#[flowVars.domain.getAverage(flowVars.memory)]" doc:name="calcAvgMemory"/>
        <set-variable variableName="avgMemory" value="#[payload]" doc:name="AverageMemory"/>
        <flow-ref name="setDomainAttributes" doc:name="Set Domain Attributes"/>
    </sub-flow>
    <sub-flow name="setDomainAttributes">
        <expression-transformer expression="#[flowVars.domain.setPeakMemory(flowVars.maxMemory)]" doc:name="MaxMemory"/>
        <expression-transformer expression="#[flowVars.domain.setPeakCPU(flowVars.maxCPU)]" doc:name="MaxCPU"/>
        <expression-transformer expression="#[flowVars.domain.setAverageMemory(flowVars.avgMemory)]" doc:name="AverageMemory"/>
        <expression-transformer expression="#[flowVars.domain.setAverageCPU(flowVars.avgCPU)]" doc:name="AverageCPU"/>
    </sub-flow>
    <sub-flow name="getAccessToken">
        <set-payload value="username=${in-username}&amp;password=${in-password}" doc:name="Set Login Details"/>
        <set-property propertyName="Content-Type" value="application/x-www-form-urlencoded" doc:name="Set Content Type"/>
        <http:request config-ref="AnypointMulesoft" path="/accounts/login" method="POST" doc:name="Get Login Token"/>
        <json:json-to-object-transformer returnClass="java.util.Map" doc:name="JSON to Object"/>
        <set-variable variableName="accessToken" value="#[payload.access_token]" doc:name="Set Access Token"/>
        <logger level="INFO" doc:name="Logger"/>
    </sub-flow>
    <sub-flow name="getHierarchy">
         <http:request config-ref="AnypointMulesoft" path="/accounts/api/organizations/#[flowVars.orgId]/hierarchy" method="GET" doc:name="getOrgHierarchy">
         <http:request-builder>
                <http:header headerName="Authorization" value="Bearer #[flowVars['accessToken']]"/>
            </http:request-builder>
            <http:success-status-code-validator values="0..499"/>
         </http:request>
 		<json:json-to-object-transformer returnClass="java.util.HashMap" doc:name="JSON to Object"/>
        <component class="com.xom.utils.HierarchyIterator" doc:name="IterateThroughOrgHierarchy"/>
        <logger level="INFO" doc:name="Logger"/>
    </sub-flow>
</mule>
