<custom__type__definition>
  <version>5.2.0.0</version>
  <typeName class="org.mule.common.metadata.DefaultMetaDataKey">
    <id>csv</id>
    <displayName>csv</displayName>
    <category>DEFAULT</category>
    <metaDataKeyPropertiesManager>
      <properties>
        <org.mule.common.metadata.key.property.dsql.DsqlFromMetaDataKeyProperty/>
      </properties>
    </metaDataKeyPropertiesManager>
  </typeName>
  <metadataModel class="org.mule.common.metadata.DefaultListMetaDataModel">
    <dataType>LIST</dataType>
    <metaDataModelPropertiesManager>
      <properties/>
    </metaDataModelPropertiesManager>
    <model class="org.mule.common.metadata.DefaultStructuredMetadataModel">
      <dataType>CSV</dataType>
      <metaDataModelPropertiesManager>
        <properties>
          <org.mule.common.metadata.property.CSVHasHeadersMetaDataProperty>
            <hasHeaders>true</hasHeaders>
          </org.mule.common.metadata.property.CSVHasHeadersMetaDataProperty>
        </properties>
      </metaDataModelPropertiesManager>
      <fields>
        <org.mule.common.metadata.DefaultMetaDataField>
          <name>GroupName</name>
          <model class="org.mule.common.metadata.DefaultSimpleMetaDataModel">
            <dataType>STRING</dataType>
            <metaDataModelPropertiesManager>
              <properties/>
            </metaDataModelPropertiesManager>
          </model>
          <accessType>READ</accessType>
          <metaDataFieldPropertyManager>
            <properties>
              <org.mule.common.metadata.property.LabelMetaDataProperty>
                <label>GroupName</label>
              </org.mule.common.metadata.property.LabelMetaDataProperty>
            </properties>
          </metaDataFieldPropertyManager>
        </org.mule.common.metadata.DefaultMetaDataField>
        <org.mule.common.metadata.DefaultMetaDataField>
          <name>DomainName</name>
          <model class="org.mule.common.metadata.DefaultSimpleMetaDataModel">
            <dataType>STRING</dataType>
            <metaDataModelPropertiesManager>
              <properties/>
            </metaDataModelPropertiesManager>
          </model>
          <accessType>READ</accessType>
          <metaDataFieldPropertyManager>
            <properties>
              <org.mule.common.metadata.property.LabelMetaDataProperty>
                <label>DomainName</label>
              </org.mule.common.metadata.property.LabelMetaDataProperty>
            </properties>
          </metaDataFieldPropertyManager>
        </org.mule.common.metadata.DefaultMetaDataField>
        <org.mule.common.metadata.DefaultMetaDataField>
          <name>vCoreSize</name>
          <model class="org.mule.common.metadata.DefaultSimpleMetaDataModel">
            <dataType>DOUBLE</dataType>
            <metaDataModelPropertiesManager>
              <properties/>
            </metaDataModelPropertiesManager>
          </model>
          <accessType>READ</accessType>
          <metaDataFieldPropertyManager>
            <properties>
              <org.mule.common.metadata.property.LabelMetaDataProperty>
                <label>vCoreSize</label>
              </org.mule.common.metadata.property.LabelMetaDataProperty>
            </properties>
          </metaDataFieldPropertyManager>
        </org.mule.common.metadata.DefaultMetaDataField>
        <org.mule.common.metadata.DefaultMetaDataField>
          <name>NumOfWorkers</name>
          <model class="org.mule.common.metadata.DefaultSimpleMetaDataModel">
            <dataType>INTEGER</dataType>
            <metaDataModelPropertiesManager>
              <properties/>
            </metaDataModelPropertiesManager>
          </model>
          <accessType>READ</accessType>
          <metaDataFieldPropertyManager>
            <properties>
              <org.mule.common.metadata.property.LabelMetaDataProperty>
                <label>NumOfWorkers</label>
              </org.mule.common.metadata.property.LabelMetaDataProperty>
            </properties>
          </metaDataFieldPropertyManager>
        </org.mule.common.metadata.DefaultMetaDataField>
        <org.mule.common.metadata.DefaultMetaDataField>
          <name>AverageCPU</name>
          <model class="org.mule.common.metadata.DefaultSimpleMetaDataModel">
            <dataType>DOUBLE</dataType>
            <metaDataModelPropertiesManager>
              <properties/>
            </metaDataModelPropertiesManager>
          </model>
          <accessType>READ</accessType>
          <metaDataFieldPropertyManager>
            <properties>
              <org.mule.common.metadata.property.LabelMetaDataProperty>
                <label>AverageCPU</label>
              </org.mule.common.metadata.property.LabelMetaDataProperty>
            </properties>
          </metaDataFieldPropertyManager>
        </org.mule.common.metadata.DefaultMetaDataField>
        <org.mule.common.metadata.DefaultMetaDataField>
          <name>AverageMemory</name>
          <model class="org.mule.common.metadata.DefaultSimpleMetaDataModel">
            <dataType>DOUBLE</dataType>
            <metaDataModelPropertiesManager>
              <properties/>
            </metaDataModelPropertiesManager>
          </model>
          <accessType>READ</accessType>
          <metaDataFieldPropertyManager>
            <properties>
              <org.mule.common.metadata.property.LabelMetaDataProperty>
                <label>AverageMemory</label>
              </org.mule.common.metadata.property.LabelMetaDataProperty>
            </properties>
          </metaDataFieldPropertyManager>
        </org.mule.common.metadata.DefaultMetaDataField>
        <org.mule.common.metadata.DefaultMetaDataField>
          <name>MaxCPU</name>
          <model class="org.mule.common.metadata.DefaultSimpleMetaDataModel">
            <dataType>DOUBLE</dataType>
            <metaDataModelPropertiesManager>
              <properties/>
            </metaDataModelPropertiesManager>
          </model>
          <accessType>READ</accessType>
          <metaDataFieldPropertyManager>
            <properties>
              <org.mule.common.metadata.property.LabelMetaDataProperty>
                <label>MaxCPU</label>
              </org.mule.common.metadata.property.LabelMetaDataProperty>
            </properties>
          </metaDataFieldPropertyManager>
        </org.mule.common.metadata.DefaultMetaDataField>
        <org.mule.common.metadata.DefaultMetaDataField>
          <name>MaxMemory</name>
          <model class="org.mule.common.metadata.DefaultSimpleMetaDataModel">
            <dataType>DOUBLE</dataType>
            <metaDataModelPropertiesManager>
              <properties/>
            </metaDataModelPropertiesManager>
          </model>
          <accessType>READ</accessType>
          <metaDataFieldPropertyManager>
            <properties>
              <org.mule.common.metadata.property.LabelMetaDataProperty>
                <label>MaxMemory</label>
              </org.mule.common.metadata.property.LabelMetaDataProperty>
            </properties>
          </metaDataFieldPropertyManager>
        </org.mule.common.metadata.DefaultMetaDataField>
      </fields>
    </model>
    <isArray>false</isArray>
  </metadataModel>
</custom__type__definition>