<custom__type__definition>
  <version>5.2.0.0</version>
  <typeName class="org.mule.common.metadata.DefaultMetaDataKey">
    <id>Groups</id>
    <displayName>Groups</displayName>
    <category>DEFAULT</category>
    <metaDataKeyPropertiesManager>
      <properties>
        <org.mule.common.metadata.key.property.dsql.DsqlFromMetaDataKeyProperty/>
      </properties>
    </metaDataKeyPropertiesManager>
  </typeName>
  <metadataModel class="org.mule.common.metadata.DefaultListMetaDataModel">
    <dataType>LIST</dataType>
    <metaDataModelPropertiesManager>
      <properties/>
    </metaDataModelPropertiesManager>
    <model class="org.mule.common.metadata.DefaultPojoMetaDataModel">
      <implementationClass>dv.bp.classes.Group</implementationClass>
      <dataType>POJO</dataType>
      <metaDataModelPropertiesManager>
        <properties/>
      </metaDataModelPropertiesManager>
      <fields>
        <org.mule.common.metadata.DefaultMetaDataField>
          <name>domains</name>
          <model class="org.mule.common.metadata.DefaultListMetaDataModel">
            <dataType>LIST</dataType>
            <metaDataModelPropertiesManager>
              <properties/>
            </metaDataModelPropertiesManager>
            <model class="org.mule.common.metadata.DefaultPojoMetaDataModel">
              <implementationClass>dv.bp.classes.Domain</implementationClass>
              <dataType>POJO</dataType>
              <metaDataModelPropertiesManager>
                <properties/>
              </metaDataModelPropertiesManager>
              <fields>
                <org.mule.common.metadata.DefaultMetaDataField>
                  <name>averageCPU</name>
                  <model class="org.mule.common.metadata.DefaultSimpleMetaDataModel">
                    <dataType>DOUBLE</dataType>
                    <metaDataModelPropertiesManager>
                      <properties/>
                    </metaDataModelPropertiesManager>
                  </model>
                  <accessType>READ</accessType>
                  <metaDataFieldPropertyManager>
                    <properties>
                      <org.mule.common.metadata.field.property.dsql.DsqlSelectMetaDataFieldProperty/>
                      <org.mule.common.metadata.field.property.dsql.DsqlWhereMetaDataFieldProperty/>
                      <org.mule.common.metadata.field.property.dsql.DsqlOrderMetaDataFieldProperty/>
                      <org.mule.common.metadata.field.property.dsql.DsqlQueryOperatorsMetaDataFieldProperty>
                        <supportedOperators>
                          <org.mule.common.query.expression.LessOperator/>
                          <org.mule.common.query.expression.LessOrEqualsOperator/>
                          <org.mule.common.query.expression.EqualsOperator/>
                          <org.mule.common.query.expression.GreaterOperator/>
                          <org.mule.common.query.expression.GreaterOrEqualsOperator/>
                          <org.mule.common.query.expression.NotEqualsOperator/>
                        </supportedOperators>
                      </org.mule.common.metadata.field.property.dsql.DsqlQueryOperatorsMetaDataFieldProperty>
                    </properties>
                  </metaDataFieldPropertyManager>
                </org.mule.common.metadata.DefaultMetaDataField>
                <org.mule.common.metadata.DefaultMetaDataField>
                  <name>averageMemory</name>
                  <model class="org.mule.common.metadata.DefaultSimpleMetaDataModel">
                    <dataType>DOUBLE</dataType>
                    <metaDataModelPropertiesManager>
                      <properties/>
                    </metaDataModelPropertiesManager>
                  </model>
                  <accessType>READ</accessType>
                  <metaDataFieldPropertyManager>
                    <properties>
                      <org.mule.common.metadata.field.property.dsql.DsqlSelectMetaDataFieldProperty/>
                      <org.mule.common.metadata.field.property.dsql.DsqlWhereMetaDataFieldProperty/>
                      <org.mule.common.metadata.field.property.dsql.DsqlOrderMetaDataFieldProperty/>
                      <org.mule.common.metadata.field.property.dsql.DsqlQueryOperatorsMetaDataFieldProperty>
                        <supportedOperators>
                          <org.mule.common.query.expression.LessOperator/>
                          <org.mule.common.query.expression.LessOrEqualsOperator/>
                          <org.mule.common.query.expression.EqualsOperator/>
                          <org.mule.common.query.expression.GreaterOperator/>
                          <org.mule.common.query.expression.GreaterOrEqualsOperator/>
                          <org.mule.common.query.expression.NotEqualsOperator/>
                        </supportedOperators>
                      </org.mule.common.metadata.field.property.dsql.DsqlQueryOperatorsMetaDataFieldProperty>
                    </properties>
                  </metaDataFieldPropertyManager>
                </org.mule.common.metadata.DefaultMetaDataField>
                <org.mule.common.metadata.DefaultMetaDataField>
                  <name>domainName</name>
                  <model class="org.mule.common.metadata.DefaultSimpleMetaDataModel">
                    <dataType>STRING</dataType>
                    <metaDataModelPropertiesManager>
                      <properties/>
                    </metaDataModelPropertiesManager>
                  </model>
                  <accessType>READ</accessType>
                  <metaDataFieldPropertyManager>
                    <properties>
                      <org.mule.common.metadata.field.property.dsql.DsqlSelectMetaDataFieldProperty/>
                      <org.mule.common.metadata.field.property.dsql.DsqlWhereMetaDataFieldProperty/>
                      <org.mule.common.metadata.field.property.dsql.DsqlOrderMetaDataFieldProperty/>
                      <org.mule.common.metadata.field.property.dsql.DsqlQueryOperatorsMetaDataFieldProperty>
                        <supportedOperators>
                          <org.mule.common.query.expression.LessOperator/>
                          <org.mule.common.query.expression.LessOrEqualsOperator/>
                          <org.mule.common.query.expression.EqualsOperator/>
                          <org.mule.common.query.expression.GreaterOperator/>
                          <org.mule.common.query.expression.GreaterOrEqualsOperator/>
                          <org.mule.common.query.expression.NotEqualsOperator/>
                          <org.mule.common.query.expression.LikeOperator/>
                        </supportedOperators>
                      </org.mule.common.metadata.field.property.dsql.DsqlQueryOperatorsMetaDataFieldProperty>
                    </properties>
                  </metaDataFieldPropertyManager>
                </org.mule.common.metadata.DefaultMetaDataField>
                <org.mule.common.metadata.DefaultMetaDataField>
                  <name>numberOfWorkers</name>
                  <model class="org.mule.common.metadata.DefaultSimpleMetaDataModel">
                    <dataType>INTEGER</dataType>
                    <metaDataModelPropertiesManager>
                      <properties/>
                    </metaDataModelPropertiesManager>
                  </model>
                  <accessType>READ</accessType>
                  <metaDataFieldPropertyManager>
                    <properties>
                      <org.mule.common.metadata.field.property.dsql.DsqlSelectMetaDataFieldProperty/>
                      <org.mule.common.metadata.field.property.dsql.DsqlWhereMetaDataFieldProperty/>
                      <org.mule.common.metadata.field.property.dsql.DsqlOrderMetaDataFieldProperty/>
                      <org.mule.common.metadata.field.property.dsql.DsqlQueryOperatorsMetaDataFieldProperty>
                        <supportedOperators>
                          <org.mule.common.query.expression.LessOperator/>
                          <org.mule.common.query.expression.LessOrEqualsOperator/>
                          <org.mule.common.query.expression.EqualsOperator/>
                          <org.mule.common.query.expression.GreaterOperator/>
                          <org.mule.common.query.expression.GreaterOrEqualsOperator/>
                          <org.mule.common.query.expression.NotEqualsOperator/>
                        </supportedOperators>
                      </org.mule.common.metadata.field.property.dsql.DsqlQueryOperatorsMetaDataFieldProperty>
                    </properties>
                  </metaDataFieldPropertyManager>
                </org.mule.common.metadata.DefaultMetaDataField>
                <org.mule.common.metadata.DefaultMetaDataField>
                  <name>peakCPU</name>
                  <model class="org.mule.common.metadata.DefaultSimpleMetaDataModel">
                    <dataType>DOUBLE</dataType>
                    <metaDataModelPropertiesManager>
                      <properties/>
                    </metaDataModelPropertiesManager>
                  </model>
                  <accessType>READ</accessType>
                  <metaDataFieldPropertyManager>
                    <properties>
                      <org.mule.common.metadata.field.property.dsql.DsqlSelectMetaDataFieldProperty/>
                      <org.mule.common.metadata.field.property.dsql.DsqlWhereMetaDataFieldProperty/>
                      <org.mule.common.metadata.field.property.dsql.DsqlOrderMetaDataFieldProperty/>
                      <org.mule.common.metadata.field.property.dsql.DsqlQueryOperatorsMetaDataFieldProperty>
                        <supportedOperators>
                          <org.mule.common.query.expression.LessOperator/>
                          <org.mule.common.query.expression.LessOrEqualsOperator/>
                          <org.mule.common.query.expression.EqualsOperator/>
                          <org.mule.common.query.expression.GreaterOperator/>
                          <org.mule.common.query.expression.GreaterOrEqualsOperator/>
                          <org.mule.common.query.expression.NotEqualsOperator/>
                        </supportedOperators>
                      </org.mule.common.metadata.field.property.dsql.DsqlQueryOperatorsMetaDataFieldProperty>
                    </properties>
                  </metaDataFieldPropertyManager>
                </org.mule.common.metadata.DefaultMetaDataField>
                <org.mule.common.metadata.DefaultMetaDataField>
                  <name>peakMemory</name>
                  <model class="org.mule.common.metadata.DefaultSimpleMetaDataModel">
                    <dataType>DOUBLE</dataType>
                    <metaDataModelPropertiesManager>
                      <properties/>
                    </metaDataModelPropertiesManager>
                  </model>
                  <accessType>READ</accessType>
                  <metaDataFieldPropertyManager>
                    <properties>
                      <org.mule.common.metadata.field.property.dsql.DsqlSelectMetaDataFieldProperty/>
                      <org.mule.common.metadata.field.property.dsql.DsqlWhereMetaDataFieldProperty/>
                      <org.mule.common.metadata.field.property.dsql.DsqlOrderMetaDataFieldProperty/>
                      <org.mule.common.metadata.field.property.dsql.DsqlQueryOperatorsMetaDataFieldProperty>
                        <supportedOperators>
                          <org.mule.common.query.expression.LessOperator/>
                          <org.mule.common.query.expression.LessOrEqualsOperator/>
                          <org.mule.common.query.expression.EqualsOperator/>
                          <org.mule.common.query.expression.GreaterOperator/>
                          <org.mule.common.query.expression.GreaterOrEqualsOperator/>
                          <org.mule.common.query.expression.NotEqualsOperator/>
                        </supportedOperators>
                      </org.mule.common.metadata.field.property.dsql.DsqlQueryOperatorsMetaDataFieldProperty>
                    </properties>
                  </metaDataFieldPropertyManager>
                </org.mule.common.metadata.DefaultMetaDataField>
                <org.mule.common.metadata.DefaultMetaDataField>
                  <name>vCoreSize</name>
                  <model class="org.mule.common.metadata.DefaultSimpleMetaDataModel">
                    <dataType>DOUBLE</dataType>
                    <metaDataModelPropertiesManager>
                      <properties/>
                    </metaDataModelPropertiesManager>
                  </model>
                  <accessType>READ</accessType>
                  <metaDataFieldPropertyManager>
                    <properties>
                      <org.mule.common.metadata.field.property.dsql.DsqlSelectMetaDataFieldProperty/>
                      <org.mule.common.metadata.field.property.dsql.DsqlWhereMetaDataFieldProperty/>
                      <org.mule.common.metadata.field.property.dsql.DsqlOrderMetaDataFieldProperty/>
                      <org.mule.common.metadata.field.property.dsql.DsqlQueryOperatorsMetaDataFieldProperty>
                        <supportedOperators>
                          <org.mule.common.query.expression.LessOperator/>
                          <org.mule.common.query.expression.LessOrEqualsOperator/>
                          <org.mule.common.query.expression.EqualsOperator/>
                          <org.mule.common.query.expression.GreaterOperator/>
                          <org.mule.common.query.expression.GreaterOrEqualsOperator/>
                          <org.mule.common.query.expression.NotEqualsOperator/>
                        </supportedOperators>
                      </org.mule.common.metadata.field.property.dsql.DsqlQueryOperatorsMetaDataFieldProperty>
                    </properties>
                  </metaDataFieldPropertyManager>
                </org.mule.common.metadata.DefaultMetaDataField>
              </fields>
              <clazzName>dv.bp.classes.Domain</clazzName>
              <isInterface>false</isInterface>
              <name>Domain</name>
              <parentNames class="linked-hash-set">
                <string>java.lang.Object</string>
              </parentNames>
            </model>
            <isArray>false</isArray>
          </model>
          <accessType>READ</accessType>
          <metaDataFieldPropertyManager>
            <properties>
              <org.mule.common.metadata.field.property.dsql.DsqlSelectMetaDataFieldProperty/>
              <org.mule.common.metadata.field.property.dsql.DsqlWhereMetaDataFieldProperty/>
              <org.mule.common.metadata.field.property.dsql.DsqlOrderMetaDataFieldProperty/>
              <org.mule.common.metadata.field.property.dsql.DsqlQueryOperatorsMetaDataFieldProperty>
                <supportedOperators/>
              </org.mule.common.metadata.field.property.dsql.DsqlQueryOperatorsMetaDataFieldProperty>
            </properties>
          </metaDataFieldPropertyManager>
        </org.mule.common.metadata.DefaultMetaDataField>
        <org.mule.common.metadata.DefaultMetaDataField>
          <name>groupName</name>
          <model class="org.mule.common.metadata.DefaultSimpleMetaDataModel">
            <dataType>STRING</dataType>
            <metaDataModelPropertiesManager>
              <properties/>
            </metaDataModelPropertiesManager>
          </model>
          <accessType>READ_WRITE</accessType>
          <metaDataFieldPropertyManager>
            <properties>
              <org.mule.common.metadata.field.property.dsql.DsqlSelectMetaDataFieldProperty/>
              <org.mule.common.metadata.field.property.dsql.DsqlWhereMetaDataFieldProperty/>
              <org.mule.common.metadata.field.property.dsql.DsqlOrderMetaDataFieldProperty/>
              <org.mule.common.metadata.field.property.dsql.DsqlQueryOperatorsMetaDataFieldProperty>
                <supportedOperators>
                  <org.mule.common.query.expression.LessOperator/>
                  <org.mule.common.query.expression.LessOrEqualsOperator/>
                  <org.mule.common.query.expression.EqualsOperator/>
                  <org.mule.common.query.expression.GreaterOperator/>
                  <org.mule.common.query.expression.GreaterOrEqualsOperator/>
                  <org.mule.common.query.expression.NotEqualsOperator/>
                  <org.mule.common.query.expression.LikeOperator/>
                </supportedOperators>
              </org.mule.common.metadata.field.property.dsql.DsqlQueryOperatorsMetaDataFieldProperty>
            </properties>
          </metaDataFieldPropertyManager>
        </org.mule.common.metadata.DefaultMetaDataField>
      </fields>
      <clazzName>dv.bp.classes.Group</clazzName>
      <isInterface>false</isInterface>
      <name>Group</name>
      <parentNames class="linked-hash-set">
        <string>java.lang.Object</string>
      </parentNames>
    </model>
    <isArray>false</isArray>
  </metadataModel>
</custom__type__definition>